,1aot,1aou 0,1aou 1,1aou 2,1aou 3,1aou 4,1aou 5,1aou 6,1aou 7,1aou 8,1aou 9,1aou 10,1aou 11,1aou 12,1aou 13,1aou 14,1aou 15,1aou 16,1aou 17,1aou 18,1aou 19,1aou 20,1aou 21,2mrk 0,2mrk 1,2mrk 2,2mrk 3,2mrk 4,2mrk 5,2mrk 6,2mrk 7,2mrk 8,2mrk 9,2mrk 10,2mrk 11,2mrk 12,2mrk 13,2mrk 14,2mrk 15,2mrk 16,2mrk 17,2mrk 18,2mrk 19,2mrk 20,2mrk 21,2mrk 22,2mrk 23,2mrk 24,2mrk 25,2mrk 26,4u1p,1bm2,1bmb,1jyr,1qg1 0,1qg1 1,1tze,3s8o,1lcj,1lck,1lkk,1lkl,6pxc,6way,2pld,2ple 0,2ple 1,2ple 2,2ple 3,2ple 4,2ple 5,2ple 6,2ple 7,2ple 8,2ple 9,2ple 10,2ple 11,2ple 12,2ple 13,2ple 14,2ple 15,2ple 16,2ple 17,4k45,5tq1,1hcs,1hct 0,1hct 1,1hct 2,1hct 3,1hct 4,1hct 5,1hct 6,1hct 7,1hct 8,1hct 9,1hct 10,1hct 11,1hct 12,1hct 13,1hct 14,1hct 15,1hct 16,1hct 17,1hct 18,1hct 19,1hct 20,1hct 21,1hct 22,1p13,1sha,1shb,1sps,1aya
-4,-1,-1.0,-1.0,-1.0,-1.0,-1.0,-1.0,-1.0,-1.0,-1.0,-1.0,-1.0,-1.0,-1.0,-1.0,-1.0,-1.0,-1.0,-1.0,-1.0,-1.0,-1.0,-1.0,-1.0,-1.0,-1.0,-1.0,-1.0,-1.0,-1.0,-1.0,-1.0,-1.0,-1.0,-1.0,-1.0,-1.0,-1.0,-1.0,-1.0,-1.0,-1.0,-1.0,-1.0,-1.0,-1.0,-1.0,-1.0,-1.0,-1.0,-1,-1,-1,-1,0.0,0.0,-1,-1,-1,-1,-1,-1,[0.44004539916186],-1,-1,-1.0,-1.0,-1.0,-1.0,-1.0,-1.0,-1.0,-1.0,-1.0,-1.0,-1.0,-1.0,-1.0,-1.0,-1.0,-1.0,-1.0,-1.0,-1,-1,-1,-1.0,-1.0,-1.0,-1.0,-1.0,-1.0,-1.0,-1.0,-1.0,-1.0,-1.0,-1.0,-1.0,-1.0,-1.0,-1.0,-1.0,-1.0,-1.0,-1.0,-1.0,-1.0,-1.0,-1,-1,-1,-1,-1
-3,[0.7553732524457993],0.6369341324832362,0.6369341324832362,0.6369341324832362,0.6369341324832362,0.6369341324832362,0.6369341324832362,0.6369341324832362,0.6369341324832362,0.6369341324832362,0.6369341324832362,0.6369341324832362,0.6369341324832362,0.6369341324832362,0.6369341324832362,0.6369341324832362,0.6369341324832362,0.6369341324832362,0.6369341324832362,0.6369341324832362,0.6369341324832362,0.6369341324832362,0.6369341324832362,0.5486350383579253,0.5486350383579253,0.5486350383579253,0.5486350383579253,0.5486350383579253,0.5486350383579253,0.5486350383579253,0.5486350383579253,0.5486350383579253,0.5486350383579253,0.5486350383579253,0.5486350383579253,0.5486350383579253,0.5486350383579253,0.5486350383579253,0.5486350383579253,0.5486350383579253,0.5486350383579253,0.5486350383579253,0.5486350383579253,0.5486350383579253,0.5486350383579253,0.5486350383579253,0.5486350383579253,0.5486350383579253,0.5486350383579253,0.5486350383579253,[0.6247861323055846],-1,[0.40136254870835303],[0.5524159271173302],0.0,0.0,[0.3462441677725855],-1,[0.5868307232609793],[0.45782441963548637],-1,-1,[0.3862300334833791],-1,[1.0007327019489287],0.759299301631536,0.759299301631536,0.759299301631536,0.759299301631536,0.759299301631536,0.759299301631536,0.759299301631536,0.759299301631536,0.759299301631536,0.759299301631536,0.759299301631536,0.759299301631536,0.759299301631536,0.759299301631536,0.759299301631536,0.759299301631536,0.759299301631536,0.759299301631536,[1.1459979545452208],[0.45717961545463587],-1,-1.0,-1.0,-1.0,-1.0,-1.0,-1.0,-1.0,-1.0,-1.0,-1.0,-1.0,-1.0,-1.0,-1.0,-1.0,-1.0,-1.0,-1.0,-1.0,-1.0,-1.0,-1.0,-1.0,-1,-1,-1,-1,[0.36669371387078503]
-2,[0.5309781489201731],0.2516666229744362,0.2516666229744362,0.2516666229744362,0.2516666229744362,0.2516666229744362,0.2516666229744362,0.2516666229744362,0.2516666229744362,0.2516666229744362,0.2516666229744362,0.2516666229744362,0.2516666229744362,0.2516666229744362,0.2516666229744362,0.2516666229744362,0.2516666229744362,0.2516666229744362,0.2516666229744362,0.2516666229744362,0.2516666229744362,0.2516666229744362,0.2516666229744362,0.10762324953171998,0.10762324953171998,0.10762324953171998,0.10762324953171998,0.10762324953171998,0.10762324953171998,0.10762324953171998,0.10762324953171998,0.10762324953171998,0.10762324953171998,0.10762324953171998,0.10762324953171998,0.10762324953171998,0.10762324953171998,0.10762324953171998,0.10762324953171998,0.10762324953171998,0.10762324953171998,0.10762324953171998,0.10762324953171998,0.10762324953171998,0.10762324953171998,0.10762324953171998,0.10762324953171998,0.10762324953171998,0.10762324953171998,0.10762324953171998,[0.4381479776148529],-1,[0.4208718776735728],[0.42082979458475717],1.4901161193847656e-08,1.4901161193847656e-08,[0.39534605509261334],-1,[0.4262632560075503],[0.38650328901126474],-1,-1,[0.35006212834441947],-1,[0.5639613140448478],0.20353778625897462,0.20353778625897462,0.20353778625897462,0.20353778625897462,0.20353778625897462,0.20353778625897462,0.20353778625897462,0.20353778625897462,0.20353778625897462,0.20353778625897462,0.20353778625897462,0.20353778625897462,0.20353778625897462,0.20353778625897462,0.20353778625897462,0.20353778625897462,0.20353778625897462,0.20353778625897462,[0.6578527424104117],[0.4371292127686387],-1,-1.0,-1.0,-1.0,-1.0,-1.0,-1.0,-1.0,-1.0,-1.0,-1.0,-1.0,-1.0,-1.0,-1.0,-1.0,-1.0,-1.0,-1.0,-1.0,-1.0,-1.0,-1.0,-1.0,[0.33976750122061383],-1,-1,[0.43724931837308506],[0.30647477514626636]
-1,[0.16744104157636452],0.013335336915117926,0.013335336915117926,0.013335336915117926,0.013335336915117926,0.013335336915117926,0.013335336915117926,0.013335336915117926,0.013335336915117926,0.013335336915117926,0.013335336915117926,0.013335336915117926,0.013335336915117926,0.013335336915117926,0.013335336915117926,0.013335336915117926,0.013335336915117926,0.013335336915117926,0.013335336915117926,0.013335336915117926,0.013335336915117926,0.013335336915117926,0.013335336915117926,0.0029865185834146188,0.0029865185834146188,0.0029865185834146188,0.0029865185834146188,0.0029865185834146188,0.0029865185834146188,0.0029865185834146188,0.0029865185834146188,0.0029865185834146188,0.0029865185834146188,0.0029865185834146188,0.0029865185834146188,0.0029865185834146188,0.0029865185834146188,0.0029865185834146188,0.0029865185834146188,0.0029865185834146188,0.0029865185834146188,0.0029865185834146188,0.0029865185834146188,0.0029865185834146188,0.0029865185834146188,0.0029865185834146188,0.0029865185834146188,0.0029865185834146188,0.0029865185834146188,0.0029865185834146188,[0.08939677466736819],[0.08684500564506407],[0.06617627319929695],[0.07664811474054842],0.0,0.0,[0.05486346160293952],-1,[0.09149738933105961],[0.09015172505022814],-1,-1,[0.09225757084122606],[0.11515954904115178],[0.19847979725642392],0.01279149633911406,0.01279149633911406,0.01279149633911406,0.01279149633911406,0.01279149633911406,0.01279149633911406,0.01279149633911406,0.01279149633911406,0.01279149633911406,0.01279149633911406,0.01279149633911406,0.01279149633911406,0.01279149633911406,0.01279149633911406,0.01279149633911406,0.01279149633911406,0.01279149633911406,0.01279149633911406,[0.17428917582773487],[0.10468603269742228],-1,-1.0,-1.0,-1.0,-1.0,-1.0,-1.0,-1.0,-1.0,-1.0,-1.0,-1.0,-1.0,-1.0,-1.0,-1.0,-1.0,-1.0,-1.0,-1.0,-1.0,-1.0,-1.0,-1.0,[0.09421550113464026],-1,-1,[0.11146360151763893],[0.09581508775707642]
0,[0.014928519143116133],0.22427913791482867,0.22427913791482867,0.22427913791482867,0.22427913791482867,0.22427913791482867,0.22427913791482867,0.22427913791482867,0.22427913791482867,0.22427913791482867,0.22427913791482867,0.22427913791482867,0.22427913791482867,0.22427913791482867,0.22427913791482867,0.22427913791482867,0.22427913791482867,0.22427913791482867,0.22427913791482867,0.22427913791482867,0.22427913791482867,0.22427913791482867,0.22427913791482867,0.26477731305812413,0.26477731305812413,0.26477731305812413,0.26477731305812413,0.26477731305812413,0.26477731305812413,0.26477731305812413,0.26477731305812413,0.26477731305812413,0.26477731305812413,0.26477731305812413,0.26477731305812413,0.26477731305812413,0.26477731305812413,0.26477731305812413,0.26477731305812413,0.26477731305812413,0.26477731305812413,0.26477731305812413,0.26477731305812413,0.26477731305812413,0.26477731305812413,0.26477731305812413,0.26477731305812413,0.26477731305812413,0.26477731305812413,0.26477731305812413,[0.012684048262310194],[0.020303362853465196],[0.012371476036009868],[0.012863756358609294],1.862645149230957e-09,1.862645149230957e-09,[0.009878923927986135],[0.010752701016349887],[0.010298802786149601],[0.013076365172989372],[0.00963445208239869],[0.01389440554628236],[0.015553549416395022],[0.014072419033590858],[0.01046840235353609],0.28620701011196936,0.28620701011196936,0.28620701011196936,0.28620701011196936,0.28620701011196936,0.28620701011196936,0.28620701011196936,0.28620701011196936,0.28620701011196936,0.28620701011196936,0.28620701011196936,0.28620701011196936,0.28620701011196936,0.28620701011196936,0.28620701011196936,0.28620701011196936,0.28620701011196936,0.28620701011196936,[0.012513306075552824],[0.018482198711754272],[0.020129331896622703],1.3172849113645044,1.3172849113645044,1.3172849113645044,1.3172849113645044,1.3172849113645044,1.3172849113645044,1.3172849113645044,1.3172849113645044,1.3172849113645044,1.3172849113645044,1.3172849113645044,1.3172849113645044,1.3172849113645044,1.3172849113645044,1.3172849113645044,1.3172849113645044,1.3172849113645044,1.3172849113645044,1.3172849113645044,1.3172849113645044,1.3172849113645044,1.3172849113645044,1.3172849113645044,[0.05316426794508096],[0.007887677208329917],[0.01640062484825434],[0.014097356054250042],[0.013592977739870801]
+1,[0.262346233355906],0.30467675187890986,0.30467675187890986,0.30467675187890986,0.30467675187890986,0.30467675187890986,0.30467675187890986,0.30467675187890986,0.30467675187890986,0.30467675187890986,0.30467675187890986,0.30467675187890986,0.30467675187890986,0.30467675187890986,0.30467675187890986,0.30467675187890986,0.30467675187890986,0.30467675187890986,0.30467675187890986,0.30467675187890986,0.30467675187890986,0.30467675187890986,0.30467675187890986,0.5893730281385939,0.5893730281385939,0.5893730281385939,0.5893730281385939,0.5893730281385939,0.5893730281385939,0.5893730281385939,0.5893730281385939,0.5893730281385939,0.5893730281385939,0.5893730281385939,0.5893730281385939,0.5893730281385939,0.5893730281385939,0.5893730281385939,0.5893730281385939,0.5893730281385939,0.5893730281385939,0.5893730281385939,0.5893730281385939,0.5893730281385939,0.5893730281385939,0.5893730281385939,0.5893730281385939,0.5893730281385939,0.5893730281385939,0.5893730281385939,[0.26396644101875144],[0.19687224532343003],[0.1292639599645813],[0.12795348772444587],0.0,0.0,[0.13943953350621788],[0.14396135724687462],[0.27672759849615647],[0.13368792431490834],[0.2821032996438569],[0.28687348991824896],[0.28048635039148295],[0.2683059972209299],[0.27438672766779815],0.6286859853928014,0.6286859853928014,0.6286859853928014,0.6286859853928014,0.6286859853928014,0.6286859853928014,0.6286859853928014,0.6286859853928014,0.6286859853928014,0.6286859853928014,0.6286859853928014,0.6286859853928014,0.6286859853928014,0.6286859853928014,0.6286859853928014,0.6286859853928014,0.6286859853928014,0.6286859853928014,[0.27396983980013095],[0.27212527130213865],[0.290999582893992],-1.0,-1.0,-1.0,-1.0,-1.0,-1.0,-1.0,-1.0,-1.0,-1.0,-1.0,-1.0,-1.0,-1.0,-1.0,-1.0,-1.0,-1.0,-1.0,-1.0,-1.0,-1.0,-1.0,[0.20700983497687397],[0.26244054529136235],[0.2535447318261203],[0.2697966213776247],[0.3106979647077037]
+2,[0.3224693580810852],0.8108148518128879,0.8108148518128879,0.8108148518128879,0.8108148518128879,0.8108148518128879,0.8108148518128879,0.8108148518128879,0.8108148518128879,0.8108148518128879,0.8108148518128879,0.8108148518128879,0.8108148518128879,0.8108148518128879,0.8108148518128879,0.8108148518128879,0.8108148518128879,0.8108148518128879,0.8108148518128879,0.8108148518128879,0.8108148518128879,0.8108148518128879,0.8108148518128879,1.1764844285317353,1.1764844285317353,1.1764844285317353,1.1764844285317353,1.1764844285317353,1.1764844285317353,1.1764844285317353,1.1764844285317353,1.1764844285317353,1.1764844285317353,1.1764844285317353,1.1764844285317353,1.1764844285317353,1.1764844285317353,1.1764844285317353,1.1764844285317353,1.1764844285317353,1.1764844285317353,1.1764844285317353,1.1764844285317353,1.1764844285317353,1.1764844285317353,1.1764844285317353,1.1764844285317353,1.1764844285317353,1.1764844285317353,1.1764844285317353,[0.4415807272605123],[0.3550352006574245],[0.30762799233283694],[0.31262332525454867],3.978611782806707e-09,3.978611782806707e-09,[0.31836682681309963],[0.3676474891159556],[0.4478529762296178],[0.2998474586996336],[0.47332365421667666],[0.5086184160442226],[0.5122148331125614],[0.4575164525106785],[0.5839742494627385],1.2111186222055814,1.2111186222055814,1.2111186222055814,1.2111186222055814,1.2111186222055814,1.2111186222055814,1.2111186222055814,1.2111186222055814,1.2111186222055814,1.2111186222055814,1.2111186222055814,1.2111186222055814,1.2111186222055814,1.2111186222055814,1.2111186222055814,1.2111186222055814,1.2111186222055814,1.2111186222055814,[0.5280062017197584],[0.35607954514478785],[0.4832836365301291],-1.0,-1.0,-1.0,-1.0,-1.0,-1.0,-1.0,-1.0,-1.0,-1.0,-1.0,-1.0,-1.0,-1.0,-1.0,-1.0,-1.0,-1.0,-1.0,-1.0,-1.0,-1.0,-1.0,[0.47077972656943634],[0.41029282953007645],[0.43299681345297125],[0.43683939569631564],[0.523590107489634]
+3,[0.8447532740345863],0.82064520774899,0.82064520774899,0.82064520774899,0.82064520774899,0.82064520774899,0.82064520774899,0.82064520774899,0.82064520774899,0.82064520774899,0.82064520774899,0.82064520774899,0.82064520774899,0.82064520774899,0.82064520774899,0.82064520774899,0.82064520774899,0.82064520774899,0.82064520774899,0.82064520774899,0.82064520774899,0.82064520774899,0.82064520774899,1.6377221821432701,1.6377221821432701,1.6377221821432701,1.6377221821432701,1.6377221821432701,1.6377221821432701,1.6377221821432701,1.6377221821432701,1.6377221821432701,1.6377221821432701,1.6377221821432701,1.6377221821432701,1.6377221821432701,1.6377221821432701,1.6377221821432701,1.6377221821432701,1.6377221821432701,1.6377221821432701,1.6377221821432701,1.6377221821432701,1.6377221821432701,1.6377221821432701,1.6377221821432701,1.6377221821432701,1.6377221821432701,1.6377221821432701,1.6377221821432701,[0.9554947203024287],[0.2944830862020155],[0.2052111620460863],[0.21449214227273966],3.754281321679498e-09,3.754281321679498e-09,[0.24771383080801657],-1,[0.9654873475020231],[0.4078669053408993],[0.9729180299097112],[1.0530805723437116],[1.0480847426023303],[0.98514274434954],[1.1614041209852277],1.4658170172051228,1.4658170172051228,1.4658170172051228,1.4658170172051228,1.4658170172051228,1.4658170172051228,1.4658170172051228,1.4658170172051228,1.4658170172051228,1.4658170172051228,1.4658170172051228,1.4658170172051228,1.4658170172051228,1.4658170172051228,1.4658170172051228,1.4658170172051228,1.4658170172051228,1.4658170172051228,[1.0655631576879723],[0.756408440504572],[1.035574361845107],-1.0,-1.0,-1.0,-1.0,-1.0,-1.0,-1.0,-1.0,-1.0,-1.0,-1.0,-1.0,-1.0,-1.0,-1.0,-1.0,-1.0,-1.0,-1.0,-1.0,-1.0,-1.0,-1.0,[0.951431240627166],[0.9452799030741843],[0.9922820411303029],[0.9496401313696355],[1.0970289149316217]
+4,[1.1585895835190638],0.8952577009996185,0.8952577009996185,0.8952577009996185,0.8952577009996185,0.8952577009996185,0.8952577009996185,0.8952577009996185,0.8952577009996185,0.8952577009996185,0.8952577009996185,0.8952577009996185,0.8952577009996185,0.8952577009996185,0.8952577009996185,0.8952577009996185,0.8952577009996185,0.8952577009996185,0.8952577009996185,0.8952577009996185,0.8952577009996185,0.8952577009996185,0.8952577009996185,2.155131222682102,2.155131222682102,2.155131222682102,2.155131222682102,2.155131222682102,2.155131222682102,2.155131222682102,2.155131222682102,2.155131222682102,2.155131222682102,2.155131222682102,2.155131222682102,2.155131222682102,2.155131222682102,2.155131222682102,2.155131222682102,2.155131222682102,2.155131222682102,2.155131222682102,2.155131222682102,2.155131222682102,2.155131222682102,2.155131222682102,2.155131222682102,2.155131222682102,2.155131222682102,2.155131222682102,[1.319554444438936],[0.28127336248475093],[0.28982628702798874],[0.28011094143158033],2.5809568279517847e-08,2.5809568279517847e-08,-1,-1,[1.3123032388551763],[0.7541758760613472],-1,-1,[1.4781607148242433],[1.445106160524542],[1.4898644760331474],1.7937746817336153,1.7937746817336153,1.7937746817336153,1.7937746817336153,1.7937746817336153,1.7937746817336153,1.7937746817336153,1.7937746817336153,1.7937746817336153,1.7937746817336153,1.7937746817336153,1.7937746817336153,1.7937746817336153,1.7937746817336153,1.7937746817336153,1.7937746817336153,1.7937746817336153,1.7937746817336153,[1.5979388230783425],[1.2678680575290702],[1.4211271360936981],-1.0,-1.0,-1.0,-1.0,-1.0,-1.0,-1.0,-1.0,-1.0,-1.0,-1.0,-1.0,-1.0,-1.0,-1.0,-1.0,-1.0,-1.0,-1.0,-1.0,-1.0,-1.0,-1.0,[1.390600167661148],[1.516459603050056],[1.4830387067783866],[3.914864893036134],[1.6389587697406085]
+5,[1.570939483826774],1.3648348872919596,1.3648348872919596,1.3648348872919596,1.3648348872919596,1.3648348872919596,1.3648348872919596,1.3648348872919596,1.3648348872919596,1.3648348872919596,1.3648348872919596,1.3648348872919596,1.3648348872919596,1.3648348872919596,1.3648348872919596,1.3648348872919596,1.3648348872919596,1.3648348872919596,1.3648348872919596,1.3648348872919596,1.3648348872919596,1.3648348872919596,1.3648348872919596,2.501012745000874,2.501012745000874,2.501012745000874,2.501012745000874,2.501012745000874,2.501012745000874,2.501012745000874,2.501012745000874,2.501012745000874,2.501012745000874,2.501012745000874,2.501012745000874,2.501012745000874,2.501012745000874,2.501012745000874,2.501012745000874,2.501012745000874,2.501012745000874,2.501012745000874,2.501012745000874,2.501012745000874,2.501012745000874,2.501012745000874,2.501012745000874,2.501012745000874,2.501012745000874,2.501012745000874,[1.6312935668277087],-1,[0.3725293105796871],[0.28808662002500474],2.1073424255447017e-08,2.1073424255447017e-08,-1,-1,[1.6463170369699596],[0.6890741078740789],-1,-1,[1.803328648376585],[1.7791675515519998],[1.8782557179477557],1.8884872554890182,1.8884872554890182,1.8884872554890182,1.8884872554890182,1.8884872554890182,1.8884872554890182,1.8884872554890182,1.8884872554890182,1.8884872554890182,1.8884872554890182,1.8884872554890182,1.8884872554890182,1.8884872554890182,1.8884872554890182,1.8884872554890182,1.8884872554890182,1.8884872554890182,1.8884872554890182,-1,-1,-1,-1.0,-1.0,-1.0,-1.0,-1.0,-1.0,-1.0,-1.0,-1.0,-1.0,-1.0,-1.0,-1.0,-1.0,-1.0,-1.0,-1.0,-1.0,-1.0,-1.0,-1.0,-1.0,-1.0,-1,-1,-1,-1,[2.1418524933040874]
+6,[1.9583379798056995],1.4679644383880797,1.4679644383880797,1.4679644383880797,1.4679644383880797,1.4679644383880797,1.4679644383880797,1.4679644383880797,1.4679644383880797,1.4679644383880797,1.4679644383880797,1.4679644383880797,1.4679644383880797,1.4679644383880797,1.4679644383880797,1.4679644383880797,1.4679644383880797,1.4679644383880797,1.4679644383880797,1.4679644383880797,1.4679644383880797,1.4679644383880797,1.4679644383880797,-1.0,-1.0,-1.0,-1.0,-1.0,-1.0,-1.0,-1.0,-1.0,-1.0,-1.0,-1.0,-1.0,-1.0,-1.0,-1.0,-1.0,-1.0,-1.0,-1.0,-1.0,-1.0,-1.0,-1.0,-1.0,-1.0,-1.0,[2.296742662456887],-1,-1,-1,2.2351741790771484e-08,2.2351741790771484e-08,-1,-1,[2.2752413933067643],-1,-1,-1,[1.87214923192249],[1.9151658047237223],[2.1054323193650837],1.9406221950232114,1.9406221950232114,1.9406221950232114,1.9406221950232114,1.9406221950232114,1.9406221950232114,1.9406221950232114,1.9406221950232114,1.9406221950232114,1.9406221950232114,1.9406221950232114,1.9406221950232114,1.9406221950232114,1.9406221950232114,1.9406221950232114,1.9406221950232114,1.9406221950232114,1.9406221950232114,-1,-1,-1,-1.0,-1.0,-1.0,-1.0,-1.0,-1.0,-1.0,-1.0,-1.0,-1.0,-1.0,-1.0,-1.0,-1.0,-1.0,-1.0,-1.0,-1.0,-1.0,-1.0,-1.0,-1.0,-1.0,-1,-1,-1,-1,-1
+7,[2.1143092983285037],-1.0,-1.0,-1.0,-1.0,-1.0,-1.0,-1.0,-1.0,-1.0,-1.0,-1.0,-1.0,-1.0,-1.0,-1.0,-1.0,-1.0,-1.0,-1.0,-1.0,-1.0,-1.0,-1.0,-1.0,-1.0,-1.0,-1.0,-1.0,-1.0,-1.0,-1.0,-1.0,-1.0,-1.0,-1.0,-1.0,-1.0,-1.0,-1.0,-1.0,-1.0,-1.0,-1.0,-1.0,-1.0,-1.0,-1.0,-1.0,-1.0,[2.562153169148587],-1,-1,-1,1.4901161193847656e-08,1.4901161193847656e-08,-1,-1,[2.343370914853121],-1,-1,-1,-1,-1,[2.355202658463434],2.1171067267494834,2.1171067267494834,2.1171067267494834,2.1171067267494834,2.1171067267494834,2.1171067267494834,2.1171067267494834,2.1171067267494834,2.1171067267494834,2.1171067267494834,2.1171067267494834,2.1171067267494834,2.1171067267494834,2.1171067267494834,2.1171067267494834,2.1171067267494834,2.1171067267494834,2.1171067267494834,-1,-1,-1,-1.0,-1.0,-1.0,-1.0,-1.0,-1.0,-1.0,-1.0,-1.0,-1.0,-1.0,-1.0,-1.0,-1.0,-1.0,-1.0,-1.0,-1.0,-1.0,-1.0,-1.0,-1.0,-1.0,-1,-1,-1,-1,-1
+8,-1,-1.0,-1.0,-1.0,-1.0,-1.0,-1.0,-1.0,-1.0,-1.0,-1.0,-1.0,-1.0,-1.0,-1.0,-1.0,-1.0,-1.0,-1.0,-1.0,-1.0,-1.0,-1.0,-1.0,-1.0,-1.0,-1.0,-1.0,-1.0,-1.0,-1.0,-1.0,-1.0,-1.0,-1.0,-1.0,-1.0,-1.0,-1.0,-1.0,-1.0,-1.0,-1.0,-1.0,-1.0,-1.0,-1.0,-1.0,-1.0,-1.0,-1,-1,-1,-1,4.2146848510894035e-08,4.2146848510894035e-08,-1,-1,-1,-1,-1,-1,-1,-1,[2.841411720309729],-1.0,-1.0,-1.0,-1.0,-1.0,-1.0,-1.0,-1.0,-1.0,-1.0,-1.0,-1.0,-1.0,-1.0,-1.0,-1.0,-1.0,-1.0,-1,-1,-1,-1.0,-1.0,-1.0,-1.0,-1.0,-1.0,-1.0,-1.0,-1.0,-1.0,-1.0,-1.0,-1.0,-1.0,-1.0,-1.0,-1.0,-1.0,-1.0,-1.0,-1.0,-1.0,-1.0,-1,-1,-1,-1,-1
