,Fyn/1aot,Fyn/1aou 0,Fyn/1aou 1,Fyn/1aou 2,Fyn/1aou 3,Fyn/1aou 4,Fyn/1aou 5,Fyn/1aou 6,Fyn/1aou 7,Fyn/1aou 8,Fyn/1aou 9,Fyn/1aou 10,Fyn/1aou 11,Fyn/1aou 12,Fyn/1aou 13,Fyn/1aou 14,Fyn/1aou 15,Fyn/1aou 16,Fyn/1aou 17,Fyn/1aou 18,Fyn/1aou 19,Fyn/1aou 20,Fyn/1aou 21,Fyn/2mrk 0,Fyn/2mrk 1,Fyn/2mrk 2,Fyn/2mrk 3,Fyn/2mrk 4,Fyn/2mrk 5,Fyn/2mrk 6,Fyn/2mrk 7,Fyn/2mrk 8,Fyn/2mrk 9,Fyn/2mrk 10,Fyn/2mrk 11,Fyn/2mrk 12,Fyn/2mrk 13,Fyn/2mrk 14,Fyn/2mrk 15,Fyn/2mrk 16,Fyn/2mrk 17,Fyn/2mrk 18,Fyn/2mrk 19,Fyn/2mrk 20,Fyn/2mrk 21,Fyn/2mrk 22,Fyn/2mrk 23,Fyn/2mrk 24,Fyn/2mrk 25,Fyn/2mrk 26,Fyn/4u1p,Grb2/1bm2,Grb2/1bmb,Grb2/1jyr,Grb2/1qg1,Grb2/1tze,Grb2/3s8o,Lck/1lcj,Lck/1lck,Lck/1lkk,Lck/1lkl,p120RasGAP/6pxc,p120RasGAP/6way,PLCC/2pld,PLCC/2ple 0,PLCC/2ple 1,PLCC/2ple 2,PLCC/2ple 3,PLCC/2ple 4,PLCC/2ple 5,PLCC/2ple 6,PLCC/2ple 7,PLCC/2ple 8,PLCC/2ple 9,PLCC/2ple 10,PLCC/2ple 11,PLCC/2ple 12,PLCC/2ple 13,PLCC/2ple 14,PLCC/2ple 15,PLCC/2ple 16,PLCC/2ple 17,PLCC/4k45,PLCC/5tq1,Src/1hcs,Src/1lcj,Src/1p13,Src/1sha,Src/1shb,Src/1sps,Syp/1aya
-4,-1,-1.0,-1.0,-1.0,-1.0,-1.0,-1.0,-1.0,-1.0,-1.0,-1.0,-1.0,-1.0,-1.0,-1.0,-1.0,-1.0,-1.0,-1.0,-1.0,-1.0,-1.0,-1.0,-1.0,-1.0,-1.0,-1.0,-1.0,-1.0,-1.0,-1.0,-1.0,-1.0,-1.0,-1.0,-1.0,-1.0,-1.0,-1.0,-1.0,-1.0,-1.0,-1.0,-1.0,-1.0,-1.0,-1.0,-1.0,-1.0,-1.0,-1,-1,-1,-1,[0.0],-1,-1,-1,-1,-1,-1,[0.622337294413426],-1,-1,-1.0,-1.0,-1.0,-1.0,-1.0,-1.0,-1.0,-1.0,-1.0,-1.0,-1.0,-1.0,-1.0,-1.0,-1.0,-1.0,-1.0,-1.0,-1,-1,-1,-1,-1,-1,-1,-1,-1
-3,[0.7643602060147713],0.7170638915510625,0.7170638915510625,0.7170638915510625,0.7170638915510625,0.7170638915510625,0.7170638915510625,0.7170638915510625,0.7170638915510625,0.7170638915510625,0.7170638915510625,0.7170638915510625,0.7170638915510625,0.7170638915510625,0.7170638915510625,0.7170638915510625,0.7170638915510625,0.7170638915510625,0.7170638915510625,0.7170638915510625,0.7170638915510625,0.7170638915510625,0.7170638915510625,0.27506171951033054,0.27506171951033054,0.27506171951033054,0.27506171951033054,0.27506171951033054,0.27506171951033054,0.27506171951033054,0.27506171951033054,0.27506171951033054,0.27506171951033054,0.27506171951033054,0.27506171951033054,0.27506171951033054,0.27506171951033054,0.27506171951033054,0.27506171951033054,0.27506171951033054,0.27506171951033054,0.27506171951033054,0.27506171951033054,0.27506171951033054,0.27506171951033054,0.27506171951033054,0.27506171951033054,0.27506171951033054,0.27506171951033054,0.27506171951033054,[1.49345222077893],-1,[0.38873603975601745],[0.586183248160598],[0.0],[0.3110878527456138],-1,[0.6011065775439675],[0.3115632390404285],-1,-1,[0.5128320427267598],-1,[0.9546430135331737],0.38834910035335635,0.38834910035335635,0.38834910035335635,0.38834910035335635,0.38834910035335635,0.38834910035335635,0.38834910035335635,0.38834910035335635,0.38834910035335635,0.38834910035335635,0.38834910035335635,0.38834910035335635,0.38834910035335635,0.38834910035335635,0.38834910035335635,0.38834910035335635,0.38834910035335635,0.38834910035335635,[1.127078493645372],[0.37733358342174583],-1,[0.48404345888557015],-1,-1,-1,-1,[0.5153933810315652]
-2,[0.5614722443062178],0.3969304476170738,0.3969304476170738,0.3969304476170738,0.3969304476170738,0.3969304476170738,0.3969304476170738,0.3969304476170738,0.3969304476170738,0.3969304476170738,0.3969304476170738,0.3969304476170738,0.3969304476170738,0.3969304476170738,0.3969304476170738,0.3969304476170738,0.3969304476170738,0.3969304476170738,0.3969304476170738,0.3969304476170738,0.3969304476170738,0.3969304476170738,0.3969304476170738,0.17170706071402722,0.17170706071402722,0.17170706071402722,0.17170706071402722,0.17170706071402722,0.17170706071402722,0.17170706071402722,0.17170706071402722,0.17170706071402722,0.17170706071402722,0.17170706071402722,0.17170706071402722,0.17170706071402722,0.17170706071402722,0.17170706071402722,0.17170706071402722,0.17170706071402722,0.17170706071402722,0.17170706071402722,0.17170706071402722,0.17170706071402722,0.17170706071402722,0.17170706071402722,0.17170706071402722,0.17170706071402722,0.17170706071402722,0.17170706071402722,[1.4949762719179454],-1,[0.42637267891743663],[0.4626769224336188],[0.0],[0.38910574186390295],-1,[0.473187056308689],[0.37919193171376286],-1,-1,[0.44921594426301875],-1,[0.5009622460841964],0.24923135900284613,0.24923135900284613,0.24923135900284613,0.24923135900284613,0.24923135900284613,0.24923135900284613,0.24923135900284613,0.24923135900284613,0.24923135900284613,0.24923135900284613,0.24923135900284613,0.24923135900284613,0.24923135900284613,0.24923135900284613,0.24923135900284613,0.24923135900284613,0.24923135900284613,0.24923135900284613,[0.6029539731115642],[0.39583289260288324],-1,[0.3638281801552386],[0.3028498441117804],-1,-1,[0.3417589287798398],[0.28494469887518264]
-1,[0.27224610971500646],0.21210725844773104,0.21210725844773104,0.21210725844773104,0.21210725844773104,0.21210725844773104,0.21210725844773104,0.21210725844773104,0.21210725844773104,0.21210725844773104,0.21210725844773104,0.21210725844773104,0.21210725844773104,0.21210725844773104,0.21210725844773104,0.21210725844773104,0.21210725844773104,0.21210725844773104,0.21210725844773104,0.21210725844773104,0.21210725844773104,0.21210725844773104,0.21210725844773104,0.207550130239668,0.207550130239668,0.207550130239668,0.207550130239668,0.207550130239668,0.207550130239668,0.207550130239668,0.207550130239668,0.207550130239668,0.207550130239668,0.207550130239668,0.207550130239668,0.207550130239668,0.207550130239668,0.207550130239668,0.207550130239668,0.207550130239668,0.207550130239668,0.207550130239668,0.207550130239668,0.207550130239668,0.207550130239668,0.207550130239668,0.207550130239668,0.207550130239668,0.207550130239668,0.207550130239668,[1.334728922179922],[0.19044753416002877],[0.1364039450530426],[0.15668455449784707],[0.0],[0.11850056399131087],-1,[0.15460675913159588],[0.369277690079584],-1,-1,[0.17876016744277226],[0.15563325024737593],[0.21947417763705418],0.14716180957238814,0.14716180957238814,0.14716180957238814,0.14716180957238814,0.14716180957238814,0.14716180957238814,0.14716180957238814,0.14716180957238814,0.14716180957238814,0.14716180957238814,0.14716180957238814,0.14716180957238814,0.14716180957238814,0.14716180957238814,0.14716180957238814,0.14716180957238814,0.14716180957238814,0.14716180957238814,[0.20186986789132352],[0.1290855116748636],-1,[0.15597432593758387],[0.1230549432554114],-1,-1,[0.1540136765974365],[0.27577996305194363]
0,[0.17748040517101105],0.17023305898030824,0.17023305898030824,0.17023305898030824,0.17023305898030824,0.17023305898030824,0.17023305898030824,0.17023305898030824,0.17023305898030824,0.17023305898030824,0.17023305898030824,0.17023305898030824,0.17023305898030824,0.17023305898030824,0.17023305898030824,0.17023305898030824,0.17023305898030824,0.17023305898030824,0.17023305898030824,0.17023305898030824,0.17023305898030824,0.17023305898030824,0.17023305898030824,0.22324334980268937,0.22324334980268937,0.22324334980268937,0.22324334980268937,0.22324334980268937,0.22324334980268937,0.22324334980268937,0.22324334980268937,0.22324334980268937,0.22324334980268937,0.22324334980268937,0.22324334980268937,0.22324334980268937,0.22324334980268937,0.22324334980268937,0.22324334980268937,0.22324334980268937,0.22324334980268937,0.22324334980268937,0.22324334980268937,0.22324334980268937,0.22324334980268937,0.22324334980268937,0.22324334980268937,0.22324334980268937,0.22324334980268937,0.22324334980268937,[1.312085347546937],[0.1687926062498761],[0.14432037390228883],[0.14470648342581371],[1.862645149230957e-09],[0.15749088347779483],[0.15386435119212216],[0.1755058110071532],[0.42146537014066077],[0.17256667574251067],[0.1776464052891402],[0.14596131976149251],[0.1805664378471098],[0.124601082147029],0.2804136517378938,0.2804136517378938,0.2804136517378938,0.2804136517378938,0.2804136517378938,0.2804136517378938,0.2804136517378938,0.2804136517378938,0.2804136517378938,0.2804136517378938,0.2804136517378938,0.2804136517378938,0.2804136517378938,0.2804136517378938,0.2804136517378938,0.2804136517378938,0.2804136517378938,0.2804136517378938,[0.14114185838021703],[0.15897790315295027],[0.16390213167982873],[0.16532725012687022],[0.13290873976116688],[0.14094741227298815],[0.14514749088950002],[0.15760559241757421],[0.23975037821302594]
+1,[0.22798282933019917],0.3216081494402482,0.3216081494402482,0.3216081494402482,0.3216081494402482,0.3216081494402482,0.3216081494402482,0.3216081494402482,0.3216081494402482,0.3216081494402482,0.3216081494402482,0.3216081494402482,0.3216081494402482,0.3216081494402482,0.3216081494402482,0.3216081494402482,0.3216081494402482,0.3216081494402482,0.3216081494402482,0.3216081494402482,0.3216081494402482,0.3216081494402482,0.3216081494402482,0.3957559538024852,0.3957559538024852,0.3957559538024852,0.3957559538024852,0.3957559538024852,0.3957559538024852,0.3957559538024852,0.3957559538024852,0.3957559538024852,0.3957559538024852,0.3957559538024852,0.3957559538024852,0.3957559538024852,0.3957559538024852,0.3957559538024852,0.3957559538024852,0.3957559538024852,0.3957559538024852,0.3957559538024852,0.3957559538024852,0.3957559538024852,0.3957559538024852,0.3957559538024852,0.3957559538024852,0.3957559538024852,0.3957559538024852,0.3957559538024852,[1.4926274676889464],[0.07173349284603112],[0.09497113106584061],[0.09777149195626063],[0.0],[0.09910370555151019],[0.2465630610731731],[0.153638340260424],[0.5913049198211543],[0.13621808486179324],[0.1394820457873164],[0.19860680283769114],[0.11811337292461734],[0.26348987126422335],0.4554031104352087,0.4554031104352087,0.4554031104352087,0.4554031104352087,0.4554031104352087,0.4554031104352087,0.4554031104352087,0.4554031104352087,0.4554031104352087,0.4554031104352087,0.4554031104352087,0.4554031104352087,0.4554031104352087,0.4554031104352087,0.4554031104352087,0.4554031104352087,0.4554031104352087,0.4554031104352087,[0.1826086245734051],[0.11491804718748751],[0.15437760411993479],[0.16197410730991824],[0.16423350862365166],[0.11400186038490655],[0.11508641447320447],[0.15333440526302716],[0.13686701642907773]
+2,[0.28702980434636916],0.799707964162453,0.799707964162453,0.799707964162453,0.799707964162453,0.799707964162453,0.799707964162453,0.799707964162453,0.799707964162453,0.799707964162453,0.799707964162453,0.799707964162453,0.799707964162453,0.799707964162453,0.799707964162453,0.799707964162453,0.799707964162453,0.799707964162453,0.799707964162453,0.799707964162453,0.799707964162453,0.799707964162453,0.799707964162453,0.9913346395874596,0.9913346395874596,0.9913346395874596,0.9913346395874596,0.9913346395874596,0.9913346395874596,0.9913346395874596,0.9913346395874596,0.9913346395874596,0.9913346395874596,0.9913346395874596,0.9913346395874596,0.9913346395874596,0.9913346395874596,0.9913346395874596,0.9913346395874596,0.9913346395874596,0.9913346395874596,0.9913346395874596,0.9913346395874596,0.9913346395874596,0.9913346395874596,0.9913346395874596,0.9913346395874596,0.9913346395874596,0.9913346395874596,0.9913346395874596,[1.5228554886159753],[0.07988486190766939],[0.11417975439988004],[0.13475488644865122],[4.656612873077393e-10],[0.10328159473363095],[0.07577108030230069],[0.39922573820854734],[0.8271921783274478],[0.396657226249927],[0.3985226359503955],[0.527597262812062],[0.37741448724240334],[0.37129387128005914],1.016464657675337,1.016464657675337,1.016464657675337,1.016464657675337,1.016464657675337,1.016464657675337,1.016464657675337,1.016464657675337,1.016464657675337,1.016464657675337,1.016464657675337,1.016464657675337,1.016464657675337,1.016464657675337,1.016464657675337,1.016464657675337,1.016464657675337,1.016464657675337,[0.47178646804397234],[0.28024423145141797],[0.46264610487600044],[0.4000480788606569],[0.5059225438687438],[0.2806127127891678],[0.40374470732954826],[0.3766030913610484],[0.29998288182016936]
+3,[0.7715049347822233],0.8277570352546405,0.8277570352546405,0.8277570352546405,0.8277570352546405,0.8277570352546405,0.8277570352546405,0.8277570352546405,0.8277570352546405,0.8277570352546405,0.8277570352546405,0.8277570352546405,0.8277570352546405,0.8277570352546405,0.8277570352546405,0.8277570352546405,0.8277570352546405,0.8277570352546405,0.8277570352546405,0.8277570352546405,0.8277570352546405,0.8277570352546405,0.8277570352546405,1.3899525866745628,1.3899525866745628,1.3899525866745628,1.3899525866745628,1.3899525866745628,1.3899525866745628,1.3899525866745628,1.3899525866745628,1.3899525866745628,1.3899525866745628,1.3899525866745628,1.3899525866745628,1.3899525866745628,1.3899525866745628,1.3899525866745628,1.3899525866745628,1.3899525866745628,1.3899525866745628,1.3899525866745628,1.3899525866745628,1.3899525866745628,1.3899525866745628,1.3899525866745628,1.3899525866745628,1.3899525866745628,1.3899525866745628,1.3899525866745628,[1.3187979193748214],[0.17625484590003138],[0.17140121564968155],[0.18045383579022325],[8.34300781934006e-09],[0.2009267032981617],-1,[0.876727477066026],[0.7726522391131769],[0.8384813261578589],[0.8520125021376665],[1.0498986861053743],[0.7979295328050734],[0.9084492507649942],1.3811251177876043,1.3811251177876043,1.3811251177876043,1.3811251177876043,1.3811251177876043,1.3811251177876043,1.3811251177876043,1.3811251177876043,1.3811251177876043,1.3811251177876043,1.3811251177876043,1.3811251177876043,1.3811251177876043,1.3811251177876043,1.3811251177876043,1.3811251177876043,1.3811251177876043,1.3811251177876043,[0.957762041727324],[0.5724348491831575],[0.9707095941850923],[0.8720819927294091],[0.9931949345840473],[0.538680642864356],[0.8047680067772869],[0.8420795367700926],[0.7043750520908908]
+4,[1.0809053709789045],0.9183665944773785,0.9183665944773785,0.9183665944773785,0.9183665944773785,0.9183665944773785,0.9183665944773785,0.9183665944773785,0.9183665944773785,0.9183665944773785,0.9183665944773785,0.9183665944773785,0.9183665944773785,0.9183665944773785,0.9183665944773785,0.9183665944773785,0.9183665944773785,0.9183665944773785,0.9183665944773785,0.9183665944773785,0.9183665944773785,0.9183665944773785,0.9183665944773785,1.8969255221411414,1.8969255221411414,1.8969255221411414,1.8969255221411414,1.8969255221411414,1.8969255221411414,1.8969255221411414,1.8969255221411414,1.8969255221411414,1.8969255221411414,1.8969255221411414,1.8969255221411414,1.8969255221411414,1.8969255221411414,1.8969255221411414,1.8969255221411414,1.8969255221411414,1.8969255221411414,1.8969255221411414,1.8969255221411414,1.8969255221411414,1.8969255221411414,1.8969255221411414,1.8969255221411414,1.8969255221411414,1.8969255221411414,1.8969255221411414,[1.4445664700858998],[0.37416640928391665],[0.26728801728321294],[0.3113937170780986],[0.0],-1,-1,[1.238907605125578],[0.9920793044328275],-1,-1,[1.556879417350782],[1.2560196117172207],[1.32633752894924],1.8976182703376205,1.8976182703376205,1.8976182703376205,1.8976182703376205,1.8976182703376205,1.8976182703376205,1.8976182703376205,1.8976182703376205,1.8976182703376205,1.8976182703376205,1.8976182703376205,1.8976182703376205,1.8976182703376205,1.8976182703376205,1.8976182703376205,1.8976182703376205,1.8976182703376205,1.8976182703376205,[1.4780631488822529],[1.0013185144307983],[1.42605914250902],[1.2603920682630383],[1.4571113823789346],[0.9179894072287781],[1.2563346330518774],[1.1196251871536766],[1.1920703172268834]
+5,[1.4601024031469434],1.3827048590119342,1.3827048590119342,1.3827048590119342,1.3827048590119342,1.3827048590119342,1.3827048590119342,1.3827048590119342,1.3827048590119342,1.3827048590119342,1.3827048590119342,1.3827048590119342,1.3827048590119342,1.3827048590119342,1.3827048590119342,1.3827048590119342,1.3827048590119342,1.3827048590119342,1.3827048590119342,1.3827048590119342,1.3827048590119342,1.3827048590119342,1.3827048590119342,2.22934575875808,2.22934575875808,2.22934575875808,2.22934575875808,2.22934575875808,2.22934575875808,2.22934575875808,2.22934575875808,2.22934575875808,2.22934575875808,2.22934575875808,2.22934575875808,2.22934575875808,2.22934575875808,2.22934575875808,2.22934575875808,2.22934575875808,2.22934575875808,2.22934575875808,2.22934575875808,2.22934575875808,2.22934575875808,2.22934575875808,2.22934575875808,2.22934575875808,2.22934575875808,2.22934575875808,[1.2443764770632513],-1,[0.2755861144517257],[0.3385950721588437],[7.450580596923828e-09],-1,-1,[1.5178713696767692],[0.8834398193003881],-1,-1,[1.7963592410726728],[1.3829284832235127],[1.8719316620423323],2.0646808614142955,2.0646808614142955,2.0646808614142955,2.0646808614142955,2.0646808614142955,2.0646808614142955,2.0646808614142955,2.0646808614142955,2.0646808614142955,2.0646808614142955,2.0646808614142955,2.0646808614142955,2.0646808614142955,2.0646808614142955,2.0646808614142955,2.0646808614142955,2.0646808614142955,2.0646808614142955,-1,-1,-1,[1.565105288357574],-1,-1,-1,-1,[1.5820173101951098]
+6,[1.8679104452319537],1.5159387807770686,1.5159387807770686,1.5159387807770686,1.5159387807770686,1.5159387807770686,1.5159387807770686,1.5159387807770686,1.5159387807770686,1.5159387807770686,1.5159387807770686,1.5159387807770686,1.5159387807770686,1.5159387807770686,1.5159387807770686,1.5159387807770686,1.5159387807770686,1.5159387807770686,1.5159387807770686,1.5159387807770686,1.5159387807770686,1.5159387807770686,1.5159387807770686,-1.0,-1.0,-1.0,-1.0,-1.0,-1.0,-1.0,-1.0,-1.0,-1.0,-1.0,-1.0,-1.0,-1.0,-1.0,-1.0,-1.0,-1.0,-1.0,-1.0,-1.0,-1.0,-1.0,-1.0,-1.0,-1.0,-1.0,[1.319744376649785],-1,-1,-1,[7.450580596923828e-09],-1,-1,[2.139873907753351],-1,-1,-1,[1.8369708540788372],[1.4448455076704947],[2.183862846423318],2.0922994529989603,2.0922994529989603,2.0922994529989603,2.0922994529989603,2.0922994529989603,2.0922994529989603,2.0922994529989603,2.0922994529989603,2.0922994529989603,2.0922994529989603,2.0922994529989603,2.0922994529989603,2.0922994529989603,2.0922994529989603,2.0922994529989603,2.0922994529989603,2.0922994529989603,2.0922994529989603,-1,-1,-1,[2.200475164074491],-1,-1,-1,-1,-1
+7,[2.056812114061371],-1.0,-1.0,-1.0,-1.0,-1.0,-1.0,-1.0,-1.0,-1.0,-1.0,-1.0,-1.0,-1.0,-1.0,-1.0,-1.0,-1.0,-1.0,-1.0,-1.0,-1.0,-1.0,-1.0,-1.0,-1.0,-1.0,-1.0,-1.0,-1.0,-1.0,-1.0,-1.0,-1.0,-1.0,-1.0,-1.0,-1.0,-1.0,-1.0,-1.0,-1.0,-1.0,-1.0,-1.0,-1.0,-1.0,-1.0,-1.0,-1.0,[1.619254023628925],-1,-1,-1,[1.4901161193847656e-08],-1,-1,[2.266627751895782],-1,-1,-1,-1,-1,[2.3309368215033017],1.9669337258840025,1.9669337258840025,1.9669337258840025,1.9669337258840025,1.9669337258840025,1.9669337258840025,1.9669337258840025,1.9669337258840025,1.9669337258840025,1.9669337258840025,1.9669337258840025,1.9669337258840025,1.9669337258840025,1.9669337258840025,1.9669337258840025,1.9669337258840025,1.9669337258840025,1.9669337258840025,-1,-1,-1,[2.3685534345221964],-1,-1,-1,-1,-1
+8,-1,-1.0,-1.0,-1.0,-1.0,-1.0,-1.0,-1.0,-1.0,-1.0,-1.0,-1.0,-1.0,-1.0,-1.0,-1.0,-1.0,-1.0,-1.0,-1.0,-1.0,-1.0,-1.0,-1.0,-1.0,-1.0,-1.0,-1.0,-1.0,-1.0,-1.0,-1.0,-1.0,-1.0,-1.0,-1.0,-1.0,-1.0,-1.0,-1.0,-1.0,-1.0,-1.0,-1.0,-1.0,-1.0,-1.0,-1.0,-1.0,-1.0,-1,-1,-1,-1,[0.0],-1,-1,-1,-1,-1,-1,-1,-1,[2.6264965555061166],-1.0,-1.0,-1.0,-1.0,-1.0,-1.0,-1.0,-1.0,-1.0,-1.0,-1.0,-1.0,-1.0,-1.0,-1.0,-1.0,-1.0,-1.0,-1,-1,-1,-1,-1,-1,-1,-1,-1
